City_ID,City,Lat,Lng,Max Temp,Humidity,Cloudiness,Wind Speed,Country,Date
0,Torbay,47.6666,-52.7314,54.57,97,90,24.16,CA,2021-11-30 20:05:28
1,College,64.8569,-147.8028,-4.02,76,75,0.0,US,2021-11-30 20:05:20
2,Vera Cruz,-12.6333,-41.0333,75.97,81,97,3.83,BR,2021-11-30 20:08:08
3,Puerto Suarez,-18.95,-57.8,90.16,43,20,8.05,BO,2021-11-30 20:08:09
4,Hobart,-42.8794,147.3294,61.05,74,0,5.01,AU,2021-11-30 20:08:09
5,Codrington,-38.2667,141.9667,63.84,56,35,10.49,AU,2021-11-30 20:08:10
6,Goderich,43.7501,-81.7165,38.91,89,90,20.98,CA,2021-11-30 20:08:10
7,Longhua,23.6137,114.1919,46.15,71,30,3.69,CN,2021-11-30 20:08:10
8,Busselton,-33.65,115.3333,45.09,83,50,5.21,AU,2021-11-30 20:04:08
9,New Norfolk,-42.7826,147.0587,60.71,61,50,2.98,AU,2021-11-30 20:08:11
10,Paredon,16.0333,-93.8667,89.22,46,6,12.35,MX,2021-11-30 20:08:11
11,Nikolskoye,59.7035,30.7861,21.4,94,100,9.93,RU,2021-11-30 20:08:11
12,Tuktoyaktuk,69.4541,-133.0374,-26.41,100,72,5.1,CA,2021-11-30 20:08:12
13,Punta Arenas,-53.15,-70.9167,64.51,36,0,25.32,CL,2021-11-30 20:06:13
14,Mataura,-46.1927,168.8643,55.47,81,100,5.7,NZ,2021-11-30 20:08:12
15,Vaini,-21.2,-175.2,80.76,83,40,11.5,TO,2021-11-30 20:08:12
16,Broome,42.2506,-75.833,35.38,77,90,4.0,US,2021-11-30 20:08:13
17,Pevek,69.7008,170.3133,-12.08,100,91,2.17,RU,2021-11-30 20:08:13
18,Albany,42.6001,-73.9662,36.81,72,100,3.04,US,2021-11-30 20:05:54
19,Egvekinot,66.3167,-179.1667,-17.07,85,10,6.91,RU,2021-11-30 20:08:14
20,Hasaki,35.7333,140.8333,63.0,79,100,37.13,JP,2021-11-30 20:08:14
21,Nortelandia,-14.4547,-56.8028,77.77,88,100,5.73,BR,2021-11-30 20:08:14
22,Beira,-19.8436,34.8389,75.29,83,0,6.91,MZ,2021-11-30 20:08:15
23,Qaanaaq,77.484,-69.3632,-0.33,78,16,5.97,GL,2021-11-30 20:08:15
24,Corvallis,44.5646,-123.262,59.97,89,90,3.44,US,2021-11-30 20:07:51
25,Puerto Ayora,-0.7393,-90.3518,78.76,83,95,10.22,EC,2021-11-30 20:08:15
26,Hirado,33.3597,129.5531,48.38,60,100,32.5,JP,2021-11-30 20:08:16
27,Atuona,-9.8,-139.0333,78.46,75,4,20.4,PF,2021-11-30 20:08:16
28,Dikson,73.5069,80.5464,-13.63,100,100,7.81,RU,2021-11-30 20:08:16
29,San Andres,12.5847,-81.7006,84.22,84,40,9.22,CO,2021-11-30 20:08:17
30,Cayenne,4.9333,-52.3333,84.24,89,20,1.01,GF,2021-11-30 20:08:17
31,Cascais,38.6979,-9.4215,57.06,72,40,15.01,PT,2021-11-30 20:08:17
32,Kapaa,22.0752,-159.319,80.92,72,40,4.0,US,2021-11-30 20:08:18
33,Rikitea,-23.1203,-134.9692,76.39,75,0,21.05,PF,2021-11-30 20:04:43
34,Praia Da Vitoria,38.7333,-27.0667,62.76,80,100,11.65,PT,2021-11-30 20:06:30
35,Cape Town,-33.9258,18.4232,66.09,68,100,10.85,ZA,2021-11-30 20:08:18
36,Mar Del Plata,-38.0023,-57.5575,59.88,77,14,13.0,AR,2021-11-30 20:05:28
37,Sakakah,29.9697,40.2064,65.53,24,5,7.74,SA,2021-11-30 20:08:19
38,Ilulissat,69.2167,-51.1,17.89,90,100,7.38,GL,2021-11-30 20:08:19
39,Juxtlahuaca,17.4294,-99.1467,84.18,44,99,3.06,MX,2021-11-30 20:08:19
40,Saint George,37.1041,-113.5841,69.35,26,1,1.01,US,2021-11-30 20:05:09
41,Chara,56.9064,118.2631,-1.1,86,100,0.36,RU,2021-11-30 20:08:20
42,Labuhan,-6.8844,112.2051,76.73,91,100,6.2,ID,2021-11-30 20:08:20
43,Port Alfred,-33.5906,26.891,66.88,74,89,4.38,ZA,2021-11-30 20:08:20
44,Lambarene,-0.7001,10.2406,75.94,92,90,1.7,GA,2021-11-30 20:08:21
45,Nalut,30.3333,10.85,53.69,48,72,8.39,LY,2021-11-30 20:05:59
46,Georgetown,5.4112,100.3354,78.89,86,20,0.0,MY,2021-11-30 20:09:21
47,Bredasdorp,-34.5322,20.0403,63.28,69,100,7.61,ZA,2021-11-30 20:09:21
48,Boysun,38.2061,67.1986,48.0,30,0,5.68,UZ,2021-11-30 20:09:22
49,Ponta Do Sol,32.6667,-17.1,65.01,75,57,3.51,PT,2021-11-30 20:09:22
50,Katherine,-14.4667,132.2667,82.72,74,100,9.22,AU,2021-11-30 20:09:22
51,Chokurdakh,70.6333,147.9167,-13.72,98,100,6.11,RU,2021-11-30 20:09:23
52,Geraldton,-28.7667,114.6,61.21,77,90,11.5,AU,2021-11-30 20:09:23
53,Hermanus,-34.4187,19.2345,63.81,72,100,10.85,ZA,2021-11-30 20:09:23
54,Ushuaia,-54.8,-68.3,58.62,48,100,11.86,AR,2021-11-30 20:09:10
55,Lebu,-37.6167,-73.65,60.03,72,2,13.0,CL,2021-11-30 20:09:24
56,Hithadhoo,-0.6,73.0833,81.79,75,30,7.58,MV,2021-11-30 20:09:24
57,Bethel,41.3712,-73.414,38.01,83,90,1.01,US,2021-11-30 20:09:24
58,Nemuro,43.3236,145.575,52.38,82,100,37.87,JP,2021-11-30 20:07:37
59,Longyearbyen,78.2186,15.6401,6.64,66,0,18.41,SJ,2021-11-30 20:09:25
60,Castro,-24.7911,-50.0119,80.96,37,0,4.68,BR,2021-11-30 20:09:25
61,Gorontalo,0.5412,123.0595,75.72,94,100,3.04,ID,2021-11-30 20:09:25
62,Thompson,55.7435,-97.8558,6.13,81,72,5.79,CA,2021-11-30 20:09:26
63,Saint-Louis,16.3333,-15.0,82.15,18,70,10.07,SN,2021-11-30 20:09:26
64,Port Elizabeth,-33.918,25.5701,63.1,85,27,4.68,ZA,2021-11-30 20:05:01
65,Shiyan,32.6475,110.7781,39.47,52,4,1.54,CN,2021-11-30 20:09:26
66,Sao Joao Da Barra,-21.6403,-41.0511,77.09,94,100,6.29,BR,2021-11-30 20:09:27
67,Barrow,71.2906,-156.7887,-16.58,69,1,11.5,US,2021-11-30 20:09:27
68,Yellowknife,62.456,-114.3525,-8.72,88,86,7.02,CA,2021-11-30 20:09:27
69,Saint-Pierre,-21.3393,55.4781,76.68,77,0,9.22,RE,2021-11-30 20:09:28
70,Avarua,-21.2078,-159.775,78.85,69,20,6.91,CK,2021-11-30 20:09:28
71,Alofi,-19.0595,-169.9187,82.29,65,40,12.66,NU,2021-11-30 20:09:28
72,Hilo,19.7297,-155.09,77.25,83,20,4.61,US,2021-11-30 20:05:08
73,Beringovskiy,63.05,179.3167,9.55,97,100,3.91,RU,2021-11-30 20:09:29
74,Adrar,20.5022,-10.0711,69.04,17,95,10.58,MR,2021-11-30 20:09:29
75,East London,-33.0153,27.9116,67.03,79,79,2.35,ZA,2021-11-30 20:09:29
76,Mikkeli,61.6886,27.2723,19.51,86,90,6.91,FI,2021-11-30 20:09:30
77,Turtas,58.9417,69.1325,30.4,83,100,11.32,RU,2021-11-30 20:09:30
78,Faanui,-16.4833,-151.75,80.6,78,100,19.19,PF,2021-11-30 20:09:30
79,Carnarvon,-24.8667,113.6333,69.87,78,90,19.57,AU,2021-11-30 20:09:31
80,Provideniya,64.3833,-173.3,-6.65,59,0,6.71,RU,2021-11-30 20:09:31
81,Wajima,37.4,136.9,54.63,78,100,34.05,JP,2021-11-30 20:09:31
82,Chuy,-33.6971,-53.4616,68.47,80,37,15.14,UY,2021-11-30 20:09:31
83,Sangar,63.9242,127.4739,-15.75,95,100,6.29,RU,2021-11-30 20:09:32
84,Butaritari,3.0707,172.7902,80.87,79,52,10.29,KI,2021-11-30 20:09:32
85,Luderitz,-26.6481,15.1594,63.07,71,0,18.77,NA,2021-11-30 20:09:33
86,Vila Franca Do Campo,37.7167,-25.4333,63.19,87,100,12.26,PT,2021-11-30 20:09:33
87,Flinders,-34.5833,150.8552,68.2,93,100,1.01,AU,2021-11-30 20:09:33
88,Jamestown,42.097,-79.2353,35.71,84,90,7.0,US,2021-11-30 20:05:31
89,Clyde River,70.4692,-68.5914,0.01,94,100,4.23,CA,2021-11-30 20:09:34
90,Rabo De Peixe,37.8,-25.5833,62.28,93,40,11.5,PT,2021-11-30 20:09:34
91,Neftegorsk,52.802,51.166,38.75,98,100,14.43,RU,2021-11-30 20:09:34
92,Mana,5.6592,-53.7767,80.13,81,100,9.98,GF,2021-11-30 20:09:34
93,Port Antonio,18.18,-76.4612,78.91,76,100,8.55,JM,2021-11-30 20:10:35
94,Prince Rupert,54.3161,-130.3201,49.59,85,100,23.24,CA,2021-11-30 20:10:35
95,San Rafael,-34.6177,-68.3301,73.99,35,40,16.11,AR,2021-11-30 20:09:29
96,Banepa,27.6298,85.5214,48.52,93,40,3.44,NP,2021-11-30 20:10:35
97,Mount Isa,-20.7333,139.5,62.37,45,0,1.14,AU,2021-11-30 20:10:36
98,Lishui,28.4604,119.9103,39.69,77,0,2.98,CN,2021-11-30 20:10:36
99,Progreso,21.2833,-89.6667,81.1,69,84,14.61,MX,2021-11-30 20:10:36
100,Sosnogorsk,63.6023,53.8817,16.56,93,100,15.84,RU,2021-11-30 20:10:37
101,Novonukutskiy,53.7002,102.7117,5.47,94,57,1.66,RU,2021-11-30 20:10:37
102,Murchison,-41.8,172.3333,65.03,80,94,1.23,NZ,2021-11-30 20:10:37
103,Arawa,-6.2132,155.5367,78.51,90,81,1.05,PG,2021-11-30 20:10:38
104,Gazojak,41.1875,61.4036,50.31,41,0,11.16,TM,2021-11-30 20:10:38
105,Kodiak,57.79,-152.4072,26.11,80,75,4.61,US,2021-11-30 20:10:38
106,Kaohsiung,22.6163,120.3133,64.04,78,100,5.01,TW,2021-11-30 20:07:36
107,Tual,-5.6667,132.75,83.75,73,100,7.29,ID,2021-11-30 20:10:39
108,Korgen,66.0771,13.8153,23.27,86,79,5.48,NO,2021-11-30 20:10:39
109,Storforshei,66.4043,14.5233,13.78,67,0,3.44,NO,2021-11-30 20:10:39
110,Santa Fe,-31.6333,-60.7,90.01,28,0,1.99,AR,2021-11-30 20:10:40
111,Bluff,-46.6,168.3333,55.8,76,91,15.61,NZ,2021-11-30 20:10:40
112,Leningradskiy,69.3833,178.4167,-21.62,96,48,10.13,RU,2021-11-30 20:10:40
113,Morros,-9.4467,-46.3003,80.47,70,83,3.31,BR,2021-11-30 20:10:41
114,Almaznyy,48.0448,40.045,39.34,85,100,3.94,RU,2021-11-30 20:10:41
115,Kaura Namoda,12.5898,6.5779,78.39,15,33,9.46,NG,2021-11-30 20:10:41
116,Najran,17.4924,44.1277,57.69,38,2,0.11,SA,2021-11-30 20:10:42
117,Bogorodskoye,56.55,37.8833,26.1,89,100,21.21,RU,2021-11-30 20:10:42
118,Mashhad,36.297,59.6062,46.54,57,0,0.0,IR,2021-11-30 20:10:09
119,Tatarsk,55.219,75.9828,5.9,93,8,6.33,RU,2021-11-30 20:10:42
120,Guerrero Negro,27.9769,-114.0611,72.21,54,0,12.08,MX,2021-11-30 20:10:43
121,Garowe,8.4054,48.4845,71.51,67,52,14.14,SO,2021-11-30 20:10:43
122,Biak,-0.9131,122.8766,77.14,73,99,2.42,ID,2021-11-30 20:10:43
123,Kamaishi,39.2667,141.8833,59.56,83,100,33.38,JP,2021-11-30 20:10:44
124,Mizdah,31.4451,12.9801,49.75,54,18,5.01,LY,2021-11-30 20:10:44
125,Cabo San Lucas,22.8909,-109.9124,85.05,54,75,1.01,MX,2021-11-30 20:10:44
126,Stephenville,32.2207,-98.2023,77.77,31,1,8.05,US,2021-11-30 20:10:45
127,Saint-Philippe,-21.3585,55.7679,76.59,78,38,7.54,RE,2021-11-30 20:10:45
128,Talnakh,69.4865,88.3972,-20.79,93,14,9.31,RU,2021-11-30 20:10:45
129,Kaeo,-35.1,173.7833,67.32,84,100,1.57,NZ,2021-11-30 20:10:46
130,Katsuura,35.1333,140.3,66.22,88,100,36.26,JP,2021-11-30 20:09:15
131,Saint-Francois,46.4154,3.9054,41.47,71,90,4.61,FR,2021-11-30 20:10:46
132,Faya,18.3851,42.4509,52.32,36,0,5.86,SA,2021-11-30 20:10:46
133,Khash,28.2211,61.2158,52.29,44,4,1.81,IR,2021-11-30 20:10:47
134,Ordu,40.9086,37.6845,41.5,78,88,9.57,TR,2021-11-30 20:10:47
135,Komsomolskiy,40.4272,71.7189,36.82,42,1,2.8,UZ,2021-11-30 20:10:47
136,Megion,61.0296,76.1136,3.22,89,99,7.92,RU,2021-11-30 20:10:48
137,Rossland,49.0831,-117.8022,42.91,98,100,2.73,CA,2021-11-30 20:10:48
138,Rocha,-34.4833,-54.3333,66.15,86,82,14.63,UY,2021-11-30 20:10:48
139,Sun Valley,39.5963,-119.776,61.86,38,75,1.01,US,2021-11-30 20:11:49
140,Cherskiy,68.75,161.3,-15.63,98,100,5.06,RU,2021-11-30 20:11:49
141,Kindersley,51.4668,-109.1682,36.77,78,61,6.17,CA,2021-11-30 20:11:49
142,Turhal,40.3875,36.0811,49.98,84,100,11.36,TR,2021-11-30 20:11:49
143,Airai,-8.9266,125.4092,60.71,80,100,2.15,TL,2021-11-30 20:11:50
144,Troitskoye,52.9821,84.6757,15.31,88,60,4.59,RU,2021-11-30 20:11:50
145,Kijang,35.2442,129.2139,39.2,59,44,15.84,KR,2021-11-30 20:11:50
146,Shorapur,16.5167,76.75,70.66,86,100,7.11,IN,2021-11-30 20:11:51
147,Tiksi,71.6872,128.8694,-21.46,98,99,6.35,RU,2021-11-30 20:11:51
148,Krasnoarmeysk,51.0239,45.6969,36.28,73,30,6.73,RU,2021-11-30 20:11:51
149,Wajid,3.8093,43.2471,80.73,38,85,8.68,SO,2021-11-30 20:11:52
150,Krasnoselkup,65.7,82.4667,-18.15,98,10,9.44,RU,2021-11-30 20:11:52
151,Lorengau,-2.0226,147.2712,81.48,76,92,8.39,PG,2021-11-30 20:11:52
152,Wattegama,6.7989,81.4808,73.24,93,0,3.13,LK,2021-11-30 20:11:53
153,Katete,-0.7818,29.7544,61.2,96,100,2.84,UG,2021-11-30 20:11:53
154,Sitka,57.0531,-135.33,36.55,98,100,2.35,US,2021-11-30 20:09:05
155,Kavieng,-2.5744,150.7967,82.11,75,98,10.25,PG,2021-11-30 20:11:53
156,Sindor,62.8629,51.8905,19.96,94,100,12.33,RU,2021-11-30 20:11:54
157,Aklavik,68.2191,-135.0107,-41.49,100,62,1.57,CA,2021-11-30 20:11:54
158,Sakaraha,-22.9,44.5333,72.95,63,5,1.16,MG,2021-11-30 20:11:54
159,Portland,45.5234,-122.6762,58.08,90,90,1.99,US,2021-11-30 20:08:12
160,Largo,27.9095,-82.7873,73.18,50,1,1.99,US,2021-11-30 20:10:45
161,Khatanga,71.9667,102.5,-39.59,100,74,1.41,RU,2021-11-30 20:11:55
162,Borna,51.1167,12.5,43.61,84,90,8.99,DE,2021-11-30 20:11:55
163,Vaitape,-16.5167,-151.75,80.62,78,100,19.26,PF,2021-11-30 20:11:55
164,Klaksvik,62.2266,-6.589,34.72,62,100,17.22,FO,2021-11-30 20:11:56
165,Inirida,3.8653,-67.9239,86.63,64,100,3.18,CO,2021-11-30 20:11:56
166,Kazachinskoye,57.6953,93.2761,22.44,86,100,13.31,RU,2021-11-30 20:11:56
167,Gwadar,25.1216,62.3254,74.68,58,1,6.17,PK,2021-11-30 20:11:57
168,Narsaq,60.9167,-46.05,32.22,91,100,9.69,GL,2021-11-30 20:11:57
169,Fairbanks,64.8378,-147.7164,-4.02,76,75,0.0,US,2021-11-30 20:10:02
170,Rayong,12.8333,101.4333,76.78,66,86,10.2,TH,2021-11-30 20:11:57
171,Clayton,33.5335,-84.3666,66.11,38,1,3.0,US,2021-11-30 20:11:58
172,Seymchan,62.8833,152.4333,-33.14,99,91,1.36,RU,2021-11-30 20:11:58
173,Inta,66.0317,60.1659,10.45,73,100,23.96,RU,2021-11-30 20:11:58
174,Labytnangi,66.6572,66.4183,-13.74,95,100,1.1,RU,2021-11-30 20:11:59
175,Solano,38.2333,-121.9511,72.25,56,1,6.91,US,2021-11-30 20:11:59
176,Calama,-22.4667,-68.9333,75.69,14,20,24.16,CL,2021-11-30 20:08:13
177,Charagua,-19.8,-63.2167,83.17,37,100,5.61,BO,2021-11-30 20:11:59
178,Bengkulu,-3.8004,102.2655,74.57,88,98,6.85,ID,2021-11-30 20:12:00
179,Ibra,22.6906,58.5334,70.5,61,95,1.97,OM,2021-11-30 20:12:00
180,Bandundu,-3.3167,17.3667,76.26,85,100,2.44,CD,2021-11-30 20:12:00
181,Xining,36.6167,101.7667,18.7,55,0,1.83,CN,2021-11-30 20:07:49
182,Bay Roberts,47.5999,-53.2648,55.33,86,100,18.01,CA,2021-11-30 20:12:01
183,Ejido,8.5514,-71.2375,75.27,78,94,3.42,VE,2021-11-30 20:12:01
184,Quzhou,28.9594,118.8686,40.48,61,0,1.72,CN,2021-11-30 20:08:09
185,Cockburn Town,21.4612,-71.1419,79.27,70,100,11.54,TC,2021-11-30 20:09:53
186,Tolaga Bay,-38.3667,178.3,63.16,96,100,9.51,NZ,2021-11-30 20:13:02
187,Gamba,-2.65,10.0,77.07,86,63,3.6,GA,2021-11-30 20:13:02
188,Hualmay,-11.0964,-77.6139,70.74,73,58,11.48,PE,2021-11-30 20:13:02
189,Ancud,-41.8697,-73.8203,67.42,67,11,9.73,CL,2021-11-30 20:13:03
190,Waipawa,-41.4122,175.5153,59.31,92,100,8.5,NZ,2021-11-30 20:13:03
191,Huarmey,-10.0681,-78.1522,72.09,72,24,12.66,PE,2021-11-30 20:13:03
192,Roald,62.5833,6.1333,34.0,80,75,5.75,NO,2021-11-30 20:13:04
193,Deniliquin,-35.5333,144.9667,68.0,76,39,5.97,AU,2021-11-30 20:13:04
194,Balabac,7.9868,117.0645,80.92,81,100,9.91,PH,2021-11-30 20:13:04
195,Cidreira,-30.1811,-50.2056,76.51,58,0,17.52,BR,2021-11-30 20:13:05
196,Kruisfontein,-34.0033,24.7314,60.89,86,8,4.14,ZA,2021-11-30 20:13:05
197,Pafos,34.7667,32.4167,67.91,60,40,26.46,CY,2021-11-30 20:13:05
198,Lagoa,39.05,-27.9833,61.77,75,11,11.7,PT,2021-11-30 20:13:05
199,Tabas,33.5959,56.9244,57.96,38,1,2.35,IR,2021-11-30 20:13:06
200,Opunake,-39.4556,173.8583,63.34,92,94,11.68,NZ,2021-11-30 20:13:06
201,Verbilki,56.5333,37.6,27.27,88,100,20.65,RU,2021-11-30 20:13:06
202,Polunochnoye,60.8697,60.4153,16.03,96,100,4.94,RU,2021-11-30 20:13:07
203,Fort Payne,34.4442,-85.7197,65.23,51,1,9.22,US,2021-11-30 20:13:07
204,Poum,-20.2333,164.0167,80.8,78,16,13.11,NC,2021-11-30 20:13:07
205,Sorland,67.667,12.6934,30.06,74,100,21.3,NO,2021-11-30 20:13:08
206,Cedar City,37.6775,-113.0619,55.4,29,0,6.55,US,2021-11-30 20:12:15
207,Darnah,32.767,22.6367,63.03,59,100,24.7,LY,2021-11-30 20:13:08
208,Souillac,-20.5167,57.5167,77.38,78,40,2.3,MU,2021-11-30 20:13:09
209,Ribeira Grande,38.5167,-28.7,61.2,77,75,4.61,PT,2021-11-30 20:13:09
210,Kidal,18.4411,1.4078,79.09,12,55,9.98,ML,2021-11-30 20:13:09
211,San Lorenzo,-25.3333,-57.5333,86.94,35,0,9.22,PY,2021-11-30 20:12:46
212,Kasongo,-4.45,26.6667,68.94,98,95,2.46,CD,2021-11-30 20:13:10
213,Nome,64.5011,-165.4064,-11.13,54,1,6.91,US,2021-11-30 20:13:10
214,Ahipara,-35.1667,173.1667,66.15,74,100,2.17,NZ,2021-11-30 20:13:10
215,Bhuban,20.8833,85.8333,63.99,58,13,3.11,IN,2021-11-30 20:13:10
216,Zatoka,46.0725,30.4654,30.74,60,45,16.2,UA,2021-11-30 20:13:11
217,Nantucket,41.2835,-70.0995,41.14,66,100,18.41,US,2021-11-30 20:08:53
218,Melilla,35.2937,-2.9383,55.78,76,0,4.61,ES,2021-11-30 20:13:11
219,Grand Forks,47.9417,-97.4337,33.53,56,75,8.05,US,2021-11-30 20:13:11
220,Sao Felix Do Xingu,-6.6447,-51.995,87.93,56,90,0.43,BR,2021-11-30 20:13:12
221,Itororo,-15.1169,-40.0703,83.08,68,96,5.48,BR,2021-11-30 20:13:12
222,Vilyuysk,63.7553,121.6247,-37.05,100,46,3.2,RU,2021-11-30 20:13:12
223,Pisco,-13.7,-76.2167,71.65,68,0,21.85,PE,2021-11-30 20:13:13
224,Severo-Yeniseyskiy,60.3725,93.0408,15.31,87,100,13.71,RU,2021-11-30 20:13:13
225,Xiaoshi,41.2971,124.1209,15.82,96,90,4.43,CN,2021-11-30 20:13:13
226,Bandarbeyla,9.4942,50.8122,77.59,69,44,19.69,SO,2021-11-30 20:13:14
227,Piripiri,-4.2733,-41.7769,98.42,21,100,6.44,BR,2021-11-30 20:13:14
228,Turayf,31.6725,38.6637,63.68,28,79,9.71,SA,2021-11-30 20:13:14
229,Paramonga,-10.6667,-77.8333,69.31,77,100,11.48,PE,2021-11-30 20:13:15
230,Chaman,30.9236,66.4512,49.96,39,7,1.99,PK,2021-11-30 20:13:15
231,Laguna,38.421,-121.4238,73.44,70,1,1.01,US,2021-11-30 20:12:05
232,Behshahr,36.6923,53.5526,68.86,26,33,10.51,IR,2021-11-30 20:14:15
233,Rundu,-17.9333,19.7667,71.24,61,58,7.36,NA,2021-11-30 20:14:16
234,Oviedo,43.3603,-5.8448,52.29,92,100,3.0,ES,2021-11-30 20:14:16
235,Sao Filipe,14.8961,-24.4956,74.53,68,100,15.08,CV,2021-11-30 20:14:16
236,Ust-Tsilma,65.441,52.1498,15.48,91,100,16.06,RU,2021-11-30 20:14:17
237,Bairiki,1.3292,172.9752,82.4,74,20,10.36,KI,2021-11-30 20:14:17
238,Meulaboh,4.1363,96.1285,75.9,87,69,2.1,ID,2021-11-30 20:14:17
239,La Ronge,55.1001,-105.2842,23.16,76,100,8.05,CA,2021-11-30 20:14:18
240,Ciudad Bolivar,8.1222,-63.5497,87.6,53,100,10.02,VE,2021-11-30 20:14:18
241,Hofn,64.2539,-15.2082,33.1,94,100,11.97,IS,2021-11-30 20:14:18
242,Manicore,-5.8092,-61.3003,87.46,61,97,2.93,BR,2021-11-30 20:14:18
243,Sao Gabriel Da Cachoeira,-0.1303,-67.0892,81.01,93,99,0.85,BR,2021-11-30 20:14:19
244,Norman Wells,65.282,-126.8329,-26.03,98,50,1.66,CA,2021-11-30 20:14:19
245,Mandla,22.6,80.3833,56.59,50,96,3.94,IN,2021-11-30 20:14:19
246,Mahebourg,-20.4081,57.7,77.29,78,40,2.3,MU,2021-11-30 20:14:20
247,Constitucion,-35.3333,-72.4167,61.93,70,15,9.93,CL,2021-11-30 20:14:20
248,Bam,29.106,58.357,58.64,34,0,4.23,IR,2021-11-30 20:14:20
249,Quthing,-30.4,27.7003,65.93,32,5,2.21,LS,2021-11-30 20:14:21
250,Kaniama,-7.5667,24.1833,65.77,98,100,1.86,CD,2021-11-30 20:14:21
251,Fortuna,40.5982,-124.1573,56.32,100,20,9.22,US,2021-11-30 20:12:12
252,Lagos De Moreno,21.35,-101.9167,79.29,31,39,5.44,MX,2021-11-30 20:14:21
253,Siilinjarvi,63.0833,27.6667,19.42,86,90,13.8,FI,2021-11-30 20:14:22
254,Kaitangata,-46.2817,169.8464,54.93,73,100,11.61,NZ,2021-11-30 20:14:22
255,Tena,-0.9833,-77.8167,79.56,98,100,0.56,EC,2021-11-30 20:14:22
256,Warrington,53.3925,-2.5802,51.91,89,75,1.01,GB,2021-11-30 20:14:23
257,Dicabisagan,17.0818,122.4157,77.74,87,99,15.88,PH,2021-11-30 20:14:23
258,Bubaque,11.2833,-15.8333,82.29,68,8,11.03,GW,2021-11-30 20:14:23
259,Port Macquarie,-31.4333,152.9167,66.09,100,75,0.0,AU,2021-11-30 20:14:23
260,Malakal,9.5334,31.6605,89.01,32,66,3.06,SS,2021-11-30 20:14:24
261,La Asuncion,11.0333,-63.8628,82.2,75,100,15.14,VE,2021-11-30 20:14:24
262,San Patricio,28.017,-97.5169,79.21,61,75,9.06,US,2021-11-30 20:14:24
263,Vallenar,-28.5708,-70.7581,81.5,30,0,9.19,CL,2021-11-30 20:14:25
264,Daru,-9.0763,143.2092,80.37,83,100,3.71,PG,2021-11-30 20:14:25
265,Namibe,-15.1961,12.1522,70.59,77,59,2.75,AO,2021-11-30 20:14:26
266,Berwick,41.0545,-76.2333,36.93,84,100,5.93,US,2021-11-30 20:11:53
267,Huaidian,33.4333,115.0333,34.68,43,31,4.47,CN,2021-11-30 20:14:26
268,Caborca,30.5838,-111.101,77.45,24,0,1.9,MX,2021-11-30 20:14:26
269,Severo-Kurilsk,50.6789,156.125,30.18,66,100,7.78,RU,2021-11-30 20:14:27
270,Nueva Gerona,21.8833,-82.8,77.02,63,25,9.69,CU,2021-11-30 20:14:27
271,Diamantino,-14.4086,-56.4461,79.56,86,96,7.61,BR,2021-11-30 20:14:27
272,Kilembe,0.2,30.0,60.66,85,98,4.92,UG,2021-11-30 20:14:28
273,Pokosnoye,55.5258,101.0536,28.2,61,93,14.32,RU,2021-11-30 20:14:28
274,Elk City,35.412,-99.4043,73.62,21,1,0.0,US,2021-11-30 20:11:26
275,Aksu,41.1231,80.2644,24.89,50,7,0.27,CN,2021-11-30 20:14:28
276,Caravelas,-17.7125,-39.2481,79.7,81,62,15.03,BR,2021-11-30 20:15:29
277,Presidencia Roque Saenz Pena,-26.7852,-60.4388,90.37,21,0,8.66,AR,2021-11-30 20:15:29
278,Lumby,50.2498,-118.969,45.73,85,100,2.66,CA,2021-11-30 20:11:35
279,Basoko,1.2391,23.616,70.72,93,100,1.63,CD,2021-11-30 20:15:29
280,Preobrazheniye,42.9019,133.9064,23.2,80,100,17.52,RU,2021-11-30 20:15:30
281,Vestmanna,62.1564,-7.1664,32.92,80,90,6.91,FO,2021-11-30 20:15:30
282,Dunedin,-45.8742,170.5036,51.67,90,100,11.32,NZ,2021-11-30 20:15:04
283,Saldanha,-33.0117,17.9442,62.08,83,45,10.25,ZA,2021-11-30 20:15:31
284,Arraial Do Cabo,-22.9661,-42.0278,76.96,94,75,3.44,BR,2021-11-30 20:15:31
285,Campbell River,50.0163,-125.2446,47.73,100,90,1.01,CA,2021-11-30 20:15:29
286,Pasni,25.2631,63.471,74.43,49,0,8.34,PK,2021-11-30 20:15:31
287,Auki,-8.7676,160.7034,79.25,84,99,4.38,SB,2021-11-30 20:15:32
288,Tambun,-6.2641,107.0712,80.49,78,86,5.93,ID,2021-11-30 20:15:32
289,Ust-Nera,64.5667,143.2,-31.41,99,90,4.12,RU,2021-11-30 20:15:33
290,Sampit,-2.5333,112.95,73.83,98,100,2.13,ID,2021-11-30 20:15:33
291,Tasiilaq,65.6145,-37.6368,8.4,79,4,4.81,GL,2021-11-30 20:15:33
292,Goure,13.9835,10.2704,82.02,14,95,9.24,NE,2021-11-30 20:15:34
293,Mehamn,71.0357,27.8492,21.38,79,0,6.91,NO,2021-11-30 20:15:34
294,Vestmannaeyjar,63.4427,-20.2734,30.58,73,12,26.55,IS,2021-11-30 20:15:34
295,Dalby,-27.1833,151.2667,66.97,99,55,6.15,AU,2021-11-30 20:15:35
296,Fort Abbas,29.1925,72.8536,65.89,30,100,2.19,PK,2021-11-30 20:15:35
297,Marinette,45.1,-87.6307,37.85,75,75,9.22,US,2021-11-30 20:15:35
298,Puerto Escondido,15.85,-97.0667,86.83,62,1,4.61,MX,2021-11-30 20:15:35
299,Sola,-13.8833,167.55,81.28,70,90,3.4,VU,2021-11-30 20:15:36
300,Terrace,54.5163,-128.6035,40.91,93,90,14.97,CA,2021-11-30 20:15:25
301,Khasan,42.4308,130.6434,22.41,71,100,27.92,RU,2021-11-30 20:15:36
302,Dingle,10.9995,122.6711,74.64,84,100,3.6,PH,2021-11-30 20:15:37
303,Bambous Virieux,-20.3428,57.7575,77.25,78,40,2.3,MU,2021-11-30 20:14:13
304,Lazaro Cardenas,17.9583,-102.2,83.66,64,32,6.46,MX,2021-11-30 20:15:37
305,Abapo,-18.8333,-63.4667,82.22,39,91,7.7,BO,2021-11-30 20:15:38
306,George,-33.963,22.4617,58.55,88,75,2.3,ZA,2021-11-30 20:15:38
307,Los Llanos De Aridane,28.6585,-17.9182,62.35,80,75,7.0,ES,2021-11-30 20:15:38
308,Kasungu,-13.0333,33.4833,74.08,53,0,5.32,MW,2021-11-30 20:15:38
309,Kendari,-3.945,122.4989,74.8,95,100,4.27,ID,2021-11-30 20:15:39
310,Lianzhou,24.7811,112.3825,43.66,60,4,4.5,CN,2021-11-30 20:15:39
311,Aykhal,66.0,111.5,-24.59,99,100,6.11,RU,2021-11-30 20:15:40
312,Iqaluit,63.7506,-68.5145,10.13,78,75,3.0,CA,2021-11-30 20:15:40
313,Port Lincoln,-34.7333,135.8667,59.16,84,21,17.87,AU,2021-11-30 20:15:25
314,Waw,7.7029,27.9953,87.24,39,100,6.73,SS,2021-11-30 20:15:41
315,Urucara,-2.5364,-57.76,87.55,62,100,0.47,BR,2021-11-30 20:15:41
316,Alexandria,31.2156,29.9553,67.96,68,40,8.05,EG,2021-11-30 20:15:31
317,Saskylakh,71.9167,114.0833,-36.0,100,75,5.41,RU,2021-11-30 20:15:42
318,Turukhansk,65.8167,87.9833,-4.68,91,99,13.62,RU,2021-11-30 20:15:42
319,Odesskoye,54.2111,72.9651,7.92,93,14,5.26,RU,2021-11-30 20:15:43
320,Agirish,61.9247,63.0231,17.91,94,100,14.0,RU,2021-11-30 20:15:43
321,Semey,50.4111,80.2275,19.87,77,100,9.75,KZ,2021-11-30 20:15:43
322,Basco,20.4487,121.9702,72.82,78,100,42.75,PH,2021-11-30 20:15:44
323,Gravdal,68.1214,13.5031,28.29,64,75,10.36,NO,2021-11-30 20:15:44
324,Yulara,-25.2406,130.9889,71.44,30,0,2.3,AU,2021-11-30 20:16:45
325,Luan,46.3592,6.9759,32.31,86,86,3.8,CH,2021-11-30 20:16:45
326,Esperance,-33.8667,121.9,54.97,73,1,1.36,AU,2021-11-30 20:16:45
327,Lakatoro,-16.0999,167.4164,81.75,73,8,1.3,VU,2021-11-30 20:16:46
328,Sainte-Savine,48.2964,4.0464,43.99,93,90,14.97,FR,2021-11-30 20:16:46
329,Kyabram,-36.3167,145.05,68.88,67,54,5.82,AU,2021-11-30 20:16:47
330,Diffa,13.3154,12.6113,80.15,11,53,10.02,NE,2021-11-30 20:13:18
331,Kloulklubed,7.0419,134.2556,82.9,75,100,19.46,PW,2021-11-30 20:16:47
332,Tiarei,-17.5333,-149.3333,86.02,76,100,22.08,PF,2021-11-30 20:16:47
333,Ust-Maya,60.4167,134.5333,-14.85,100,99,2.33,RU,2021-11-30 20:16:48
334,Adelaide,-34.9333,138.6,73.04,61,0,4.61,AU,2021-11-30 20:15:56
335,Trairi,-3.2778,-39.2689,82.83,69,97,10.83,BR,2021-11-30 20:16:48
336,Ipixuna,-1.7625,-48.8043,85.95,70,100,2.93,BR,2021-11-30 20:16:48
337,Mount Gambier,-37.8333,140.7667,62.83,53,100,2.33,AU,2021-11-30 20:16:49
338,Hovd,48.0056,91.6419,16.36,57,14,1.81,MN,2021-11-30 20:16:49
339,Kemlya,54.6963,45.2424,35.89,67,91,21.72,RU,2021-11-30 20:16:49
340,Nanakuli,21.3906,-158.1547,84.15,61,1,9.22,US,2021-11-30 20:16:50
341,Mecca,21.4267,39.8261,76.51,62,0,2.55,SA,2021-11-30 20:16:50
342,Isangel,-19.55,169.2667,82.51,83,40,0.0,VU,2021-11-30 20:16:50
343,Aviles,43.5547,-5.9248,54.93,80,75,1.01,ES,2021-11-30 20:15:06
344,Bombay,19.0144,72.8479,82.38,57,75,5.75,IN,2021-11-30 20:13:24
345,Okhotsk,59.3833,143.3,-19.3,86,18,13.98,RU,2021-11-30 20:16:51
346,Coquimbo,-29.9533,-71.3436,62.33,72,75,11.5,CL,2021-11-30 20:13:16
347,Raga,8.4596,25.678,87.01,27,89,1.05,SS,2021-11-30 20:16:52
348,San Quintin,30.4833,-115.95,71.26,52,0,7.76,MX,2021-11-30 20:16:52
349,Owase,34.0667,136.2,58.17,81,100,11.59,JP,2021-11-30 20:16:52
350,Pochutla,15.7432,-96.4661,89.42,46,7,8.88,MX,2021-11-30 20:16:52
351,Tekirdag,40.978,27.5085,40.35,66,99,7.78,TR,2021-11-30 20:16:53
352,Bato,13.3528,123.3677,75.04,94,100,2.51,PH,2021-11-30 20:16:53
353,Mersing,2.4312,103.8405,75.11,88,94,6.91,MY,2021-11-30 20:16:53
354,Champerico,14.3,-91.9167,93.74,59,0,5.97,GT,2021-11-30 20:16:54
355,Berbera,10.4396,45.0143,77.77,60,99,2.68,SO,2021-11-30 20:16:54
356,Harper,4.375,-7.7169,79.72,82,86,5.99,LR,2021-11-30 20:16:54
357,The Valley,18.217,-63.0578,82.81,74,20,13.8,AI,2021-11-30 20:12:58
358,Kavaratti,10.5669,72.642,81.41,78,67,16.11,IN,2021-11-30 20:16:55
359,Manbij,36.5281,37.9549,48.97,57,100,11.52,SY,2021-11-30 20:16:55
360,Tura,25.5198,90.2201,61.5,68,97,4.12,IN,2021-11-30 20:16:56
361,Vardo,70.3705,31.1107,28.38,69,75,11.5,NO,2021-11-30 20:16:56
362,Skerries,53.5828,-6.1083,52.09,87,100,23.11,IE,2021-11-30 20:16:56
363,Guaratuba,-25.8828,-48.5747,82.35,59,0,6.15,BR,2021-11-30 20:16:57
364,Vidim,56.4088,103.1106,25.83,75,100,13.73,RU,2021-11-30 20:16:57
365,Buala,-8.145,159.5921,82.38,77,100,6.87,SB,2021-11-30 20:16:57
366,Manggar,-2.8833,108.2667,77.92,84,74,3.83,ID,2021-11-30 20:16:57
367,Gao,16.6362,1.637,77.18,10,1,11.56,ML,2021-11-30 20:16:58
368,Oriximina,-1.7656,-55.8661,87.94,55,96,0.45,BR,2021-11-30 20:16:58
369,Alice Springs,-23.7,133.8833,65.75,52,0,6.91,AU,2021-11-30 20:12:59
370,Nanortalik,60.1432,-45.2371,32.97,84,100,10.63,GL,2021-11-30 20:17:59
371,Marfino,55.7028,37.3822,28.35,83,90,22.37,RU,2021-11-30 20:17:59
372,Hobyo,5.3505,48.5268,79.63,64,62,19.73,SO,2021-11-30 20:17:59
373,Qiqihar,47.3408,123.9672,7.03,89,10,6.15,CN,2021-11-30 20:18:00
374,Dudinka,69.4058,86.1778,-20.38,98,23,8.37,RU,2021-11-30 20:18:00
375,Casma,-41.0082,-73.1244,71.24,33,86,6.8,CL,2021-11-30 20:18:00
376,Guymon,36.6828,-101.4816,64.4,32,1,20.71,US,2021-11-30 20:18:01
377,Upernavik,72.7868,-56.1549,22.71,97,100,4.25,GL,2021-11-30 20:16:37
378,Hervey Bay,-25.2986,152.8535,75.31,95,100,2.66,AU,2021-11-30 20:18:01
379,Kandrian,-6.2167,149.55,77.59,89,96,6.87,PG,2021-11-30 20:18:02
380,Lavrentiya,65.5833,-171.0,-13.47,89,6,8.68,RU,2021-11-30 20:18:02
381,Bondo,3.8146,23.6866,67.06,99,100,2.51,CD,2021-11-30 20:18:02
382,Puerto Colombia,10.9878,-74.9547,84.29,79,36,15.79,CO,2021-11-30 20:18:03
383,Russell,32.3502,-85.1999,67.71,28,1,4.61,US,2021-11-30 20:18:03
384,Inhambane,-23.865,35.3833,74.19,82,53,10.63,MZ,2021-11-30 20:18:03
385,Sibu,2.3,111.8167,77.31,94,40,2.3,MY,2021-11-30 20:18:04
386,Flin Flon,54.7682,-101.865,16.11,75,100,5.39,CA,2021-11-30 20:18:04
387,Jiangkou,25.4872,119.1986,55.29,68,27,9.4,CN,2021-11-30 20:18:04
388,Yumen,40.2833,97.2,16.54,70,52,13.8,CN,2021-11-30 20:18:05
389,Princeton,25.5384,-80.4089,79.02,59,1,9.22,US,2021-11-30 20:18:05
390,Gunjur,13.2019,-16.7339,78.15,69,15,18.07,GM,2021-11-30 20:18:05
391,Lompoc,34.6391,-120.4579,88.21,54,1,11.5,US,2021-11-30 20:14:31
392,San Juan,-31.5375,-68.5364,90.99,16,98,16.6,AR,2021-11-30 20:16:59
393,Wamba,8.9333,8.6,79.39,20,12,3.58,NG,2021-11-30 20:18:06
394,Maragogi,-9.0122,-35.2225,81.14,74,55,11.95,BR,2021-11-30 20:18:06
395,Altay,47.8667,88.1167,16.81,60,15,7.78,CN,2021-11-30 20:18:06
396,Larreynaga,12.6769,-86.5719,89.4,32,1,9.1,NI,2021-11-30 20:18:07
397,Shar,49.5886,81.0453,17.89,76,100,13.42,KZ,2021-11-30 20:18:07
398,Bethanien,-26.502,17.1583,75.07,11,0,7.16,NA,2021-11-30 20:18:07
399,Wadi Musa,30.3222,35.4793,59.4,32,2,6.46,JO,2021-11-30 20:18:08
400,Salinas,36.6777,-121.6555,76.96,41,1,4.61,US,2021-11-30 20:13:44
401,Silopi,37.2497,42.4694,59.54,44,100,7.58,TR,2021-11-30 20:18:08
402,Salalah,17.0151,54.0924,75.29,25,0,6.91,OM,2021-11-30 20:18:09
403,Iskateley,67.6803,53.1512,8.67,74,100,19.15,RU,2021-11-30 20:18:09
404,Tuatapere,-46.1333,167.6833,55.81,78,88,4.88,NZ,2021-11-30 20:18:09
405,Valparaiso,-33.0393,-71.6273,70.03,52,0,11.5,CL,2021-11-30 20:18:10
406,Hvide Sande,56.0045,8.1294,35.89,63,99,3.91,DK,2021-11-30 20:18:10
407,Itarema,-2.9248,-39.9167,82.87,69,100,14.29,BR,2021-11-30 20:18:10
408,Bangassou,4.7413,22.8184,70.99,84,97,2.06,CF,2021-11-30 20:18:11
409,Mumford,5.2618,-0.759,80.02,82,100,7.11,GH,2021-11-30 20:18:11
410,Yar-Sale,66.8333,70.8333,-12.26,99,40,3.74,RU,2021-11-30 20:18:11
411,Coahuayana,18.7333,-103.6833,87.28,50,100,5.37,MX,2021-11-30 20:17:53
412,Chimoio,-19.1164,33.4833,71.46,94,0,3.6,MZ,2021-11-30 20:18:12
413,San Ramon De La Nueva Oran,-23.1322,-64.326,99.37,21,11,7.65,AR,2021-11-30 20:18:12
414,Bafoulabe,13.8065,-10.8321,86.56,14,100,5.44,ML,2021-11-30 20:18:12
415,Cap Malheureux,-19.9842,57.6142,77.49,73,0,1.99,MU,2021-11-30 20:18:13
416,Kostomuksha,64.571,30.5767,18.32,93,100,13.65,RU,2021-11-30 20:19:13
417,San Policarpo,12.1791,125.5072,78.73,89,100,6.08,PH,2021-11-30 20:19:13
418,Ostrovnoy,68.0531,39.5131,25.36,67,100,31.45,RU,2021-11-30 20:19:14
419,Hetauda,27.4284,85.0322,60.15,73,91,3.94,NP,2021-11-30 20:19:14
420,Beloha,-25.1667,45.05,74.93,81,76,10.0,MG,2021-11-30 20:19:14
421,Zhangjiakou,40.81,114.8794,21.87,55,0,6.71,CN,2021-11-30 20:19:15
422,Praia,14.9215,-23.5087,73.94,64,75,19.57,CV,2021-11-30 20:19:15
423,Esso,55.9333,158.7,9.9,89,87,6.93,RU,2021-11-30 20:19:15
424,Manubul,5.4732,120.7986,83.01,76,99,13.18,PH,2021-11-30 20:19:15
425,Puerto Del Rosario,28.5004,-13.8627,65.95,72,20,10.36,ES,2021-11-30 20:19:16
426,Nara,34.6851,135.8049,58.28,95,100,14.97,JP,2021-11-30 20:19:16
427,San Pedro,14.35,121.0167,80.35,91,90,2.3,PH,2021-11-30 20:19:16
428,Saint-Augustin,51.226,-58.6502,33.69,91,100,11.86,CA,2021-11-30 20:15:45
429,Sapouy,11.5544,-1.7736,77.99,15,3,6.46,BF,2021-11-30 20:19:17
430,Czluchow,53.6672,17.3588,35.13,97,100,9.91,PL,2021-11-30 20:19:17
431,Kommunar,59.6206,30.39,22.03,94,100,10.63,RU,2021-11-30 20:19:17
432,Ketchikan,55.3422,-131.6461,50.47,87,90,17.27,US,2021-11-30 20:19:18
433,Omboue,-1.5746,9.2618,78.06,87,100,4.03,GA,2021-11-30 20:19:18
434,Reading,51.4562,-0.9711,53.46,78,90,5.99,GB,2021-11-30 20:18:19
435,Barsovo,61.1667,73.1667,1.53,95,100,11.72,RU,2021-11-30 20:19:18
436,Santa Ana,33.7456,-117.8678,90.41,62,1,1.99,US,2021-11-30 20:17:28
437,Avera,33.194,-82.5271,66.74,26,0,10.6,US,2021-11-30 20:19:19
438,Neman,55.0311,22.0264,21.33,99,100,4.5,RU,2021-11-30 20:19:19
439,Warrnambool,-38.3833,142.4833,67.8,59,99,9.06,AU,2021-11-30 20:19:20
440,Kaka,37.3482,59.6143,57.45,35,0,7.11,TM,2021-11-30 20:19:20
441,Jacareacanga,-6.2222,-57.7528,89.78,53,100,3.56,BR,2021-11-30 20:19:21
442,Buta,2.7858,24.73,69.1,98,100,1.92,CD,2021-11-30 20:19:21
443,Voyvozh,62.892,54.9635,15.87,92,100,16.08,RU,2021-11-30 20:19:13
444,Havoysund,70.9963,24.6622,21.43,82,72,13.8,NO,2021-11-30 20:19:22
445,Porto Novo,6.4965,2.6036,82.22,79,95,6.8,BJ,2021-11-30 20:19:22
446,Peniche,39.3558,-9.3811,56.68,70,7,4.27,PT,2021-11-30 20:19:23
447,Abda,47.6946,17.5449,39.4,90,100,17.2,HU,2021-11-30 20:19:23
448,Dulce Nombre De Culmi,15.1,-85.5333,91.63,40,5,5.06,HN,2021-11-30 20:19:23
449,Lagos,6.5833,3.75,82.72,84,100,4.63,NG,2021-11-30 20:19:23
450,Namatanai,-3.6667,152.4333,80.46,80,99,6.35,PG,2021-11-30 20:19:24
451,Richards Bay,-28.783,32.0377,71.98,92,100,16.44,ZA,2021-11-30 20:19:24
452,Minna,9.6139,6.5569,79.72,27,7,1.39,NG,2021-11-30 20:19:24
453,Visnes,59.3556,5.2242,38.21,86,0,9.22,NO,2021-11-30 20:19:25
454,Kuching,1.55,110.3333,77.22,94,20,0.0,MY,2021-11-30 20:19:25
455,La Orilla,17.9833,-102.2333,83.64,64,36,6.98,MX,2021-11-30 20:19:25
456,Banda Aceh,5.5577,95.3222,76.93,88,100,6.89,ID,2021-11-30 20:19:26
457,Todos Santos,23.45,-110.2167,84.0,67,100,8.55,MX,2021-11-30 20:19:26
458,Mahdasht,35.7299,50.8111,53.82,50,75,4.61,IR,2021-11-30 20:19:26
459,Coari,-4.085,-63.1414,82.22,78,100,2.89,BR,2021-11-30 20:19:27
460,Solnechnyy,50.7214,136.6319,6.78,92,100,11.48,RU,2021-11-30 20:19:27
461,Victoria,22.2855,114.1577,63.25,41,38,7.0,HK,2021-11-30 20:16:20
462,Krasnovishersk,60.4078,57.082,34.25,98,100,13.42,RU,2021-11-30 20:20:28
463,Songea,-10.6833,35.65,69.03,64,4,4.0,TZ,2021-11-30 20:20:28
464,Galiakot,23.5167,74.0,70.52,39,100,7.45,IN,2021-11-30 20:20:28
465,Coihaique,-45.5752,-72.0662,68.61,37,20,8.05,CL,2021-11-30 20:16:02
466,Waddan,29.1614,16.139,55.53,51,99,7.27,LY,2021-11-30 20:20:29
467,Maniitsoq,65.4167,-52.9,32.16,86,100,19.24,GL,2021-11-30 20:20:29
468,Guacimo,10.2104,-83.6807,84.78,98,99,0.85,CR,2021-11-30 20:20:29
469,Ocumare Del Tuy,10.1165,-66.7761,89.6,42,91,5.73,VE,2021-11-30 20:20:30
470,Rosetta,31.4044,30.4164,67.82,67,49,16.78,EG,2021-11-30 20:20:30
471,Carmen,18.6333,-91.8333,77.04,83,90,3.44,MX,2021-11-30 20:16:37
472,Cairns,-16.9167,145.7667,80.06,97,71,2.3,AU,2021-11-30 20:20:31
473,Saint-Joseph,-21.3667,55.6167,75.58,77,20,8.16,RE,2021-11-30 20:20:29
474,Bone,51.9669,12.1396,43.38,79,100,15.46,DE,2021-11-30 20:20:31
475,Waingapu,-9.6567,120.2641,78.73,83,100,5.37,ID,2021-11-30 20:20:31
476,North Platte,41.1239,-100.7654,60.69,42,1,3.0,US,2021-11-30 20:20:32
477,Sibolga,1.7427,98.7792,73.85,89,72,2.95,ID,2021-11-30 20:20:32
478,Makakilo City,21.3469,-158.0858,82.72,62,1,9.22,US,2021-11-30 20:20:32
479,Christchurch,-43.5333,172.6333,60.91,78,75,3.0,NZ,2021-11-30 20:20:33
480,Ambanja,-13.6833,48.45,75.79,88,64,2.01,MG,2021-11-30 20:20:33
481,Apt,43.8833,5.4,42.44,75,45,6.46,FR,2021-11-30 20:16:15
482,Bloemfontein,-29.1211,26.214,62.08,59,1,3.44,ZA,2021-11-30 20:20:33
483,Kirakira,-10.4544,161.9205,81.5,81,100,4.5,SB,2021-11-30 20:20:34
484,Kitimat,54.0524,-128.6534,41.38,31,100,1.01,CA,2021-11-30 20:20:34
485,Ixtapa,20.7,-105.2,82.22,61,75,8.05,MX,2021-11-30 20:20:34
486,West Des Moines,41.572,-93.7453,58.24,39,20,3.0,US,2021-11-30 20:18:19
487,Sundsvall,62.3913,17.3063,14.97,62,0,9.22,SE,2021-11-30 20:20:35
488,Columbus,39.9612,-82.9988,52.84,57,20,8.01,US,2021-11-30 20:18:16
489,Rodrigues Alves,-7.738,-72.6509,77.2,74,100,4.18,BR,2021-11-30 20:20:35
490,Along,28.1667,94.7667,53.53,65,62,1.83,IN,2021-11-30 20:20:36
491,Volodarskiy,46.4013,48.5409,42.75,92,8,7.74,RU,2021-11-30 20:20:36
492,Cam Ranh,11.9214,109.1591,78.76,73,75,17.27,VN,2021-11-30 20:20:36
493,Taveta,-3.3963,37.6736,71.04,84,84,6.78,KE,2021-11-30 20:20:36
494,Kalengwa,-13.4659,25.0027,70.43,39,26,5.39,ZM,2021-11-30 20:20:37
495,Katobu,-4.9408,122.5276,75.83,91,100,1.45,ID,2021-11-30 20:20:37
496,Povoa De Varzim,41.3834,-8.7636,51.24,71,54,2.51,PT,2021-11-30 20:20:37
497,Shieli,44.1667,66.75,42.42,37,0,5.55,KZ,2021-11-30 20:20:38
498,Douglas,41.3,-96.167,59.32,50,1,3.0,US,2021-11-30 20:15:53
499,Te Anau,-45.4167,167.7167,54.01,82,97,0.92,NZ,2021-11-30 20:20:38
500,Qurayyat,31.3318,37.3428,62.78,31,0,6.91,SA,2021-11-30 20:20:39
501,Menomonie,44.8755,-91.9193,44.64,36,93,9.22,US,2021-11-30 20:17:32
502,Chalakudi,10.304,76.3361,73.31,100,75,0.0,IN,2021-11-30 20:20:39
503,Corner Brook,48.9667,-57.9484,41.16,95,100,14.41,CA,2021-11-30 20:20:40
504,Sorong,-0.8833,131.25,79.68,83,100,6.93,ID,2021-11-30 20:20:40
505,Zonguldak,41.25,31.8333,38.52,96,100,8.32,TR,2021-11-30 20:20:40
506,Daloa,6.8774,-6.4502,79.74,67,100,3.02,CI,2021-11-30 20:20:40
507,Pokhara,28.2333,83.9833,56.43,58,100,4.16,NP,2021-11-30 20:20:41
508,Yerbogachen,61.2767,108.0108,-1.14,100,97,1.97,RU,2021-11-30 20:21:41
509,Hamilton,39.1834,-84.5333,55.85,51,1,3.0,US,2021-11-30 20:21:41
510,Ahtopol,42.1,27.95,37.87,69,95,12.8,BG,2021-11-30 20:21:42
511,Caucasia,7.9865,-75.1935,82.9,83,89,3.2,CO,2021-11-30 20:21:42
512,Grindavik,63.8424,-22.4338,32.47,80,90,21.85,IS,2021-11-30 20:21:42
513,Acapulco,16.8634,-99.8901,85.82,70,40,9.22,MX,2021-11-30 20:18:25
514,Rossano,39.5751,16.6349,43.14,70,1,8.01,IT,2021-11-30 20:21:43
515,Trat,12.5,102.5,81.99,89,99,10.49,TH,2021-11-30 20:21:43
516,Marystown,47.1666,-55.1483,46.85,100,100,8.01,CA,2021-11-30 20:21:43
517,Gold Coast,-28.0,153.4333,74.37,98,90,4.61,AU,2021-11-30 20:21:44
518,Esfahan,32.6572,51.6776,37.04,37,34,0.54,IR,2021-11-30 20:21:44
519,Chapais,49.7834,-74.8492,15.58,83,100,4.72,CA,2021-11-30 20:21:44
520,Tongliao,43.6125,122.2653,11.1,86,8,8.77,CN,2021-11-30 20:21:45
521,Medea,36.2642,2.7539,41.45,85,8,2.64,DZ,2021-11-30 20:21:45
522,Camacha,33.0833,-16.3333,61.54,72,20,2.3,PT,2021-11-30 20:21:45
523,Bambanglipuro,-7.95,110.2833,76.68,86,99,3.62,ID,2021-11-30 20:21:46
524,Necochea,-38.5473,-58.7368,64.04,44,0,12.19,AR,2021-11-30 20:21:46
525,Dawei,14.0833,98.2,77.25,57,100,13.65,MM,2021-11-30 20:21:46
526,Buchanan,5.8808,-10.0467,78.76,80,73,6.98,LR,2021-11-30 20:21:47
527,Ahuimanu,21.4447,-157.8378,83.91,73,40,14.97,US,2021-11-30 20:21:47
528,Chunian,30.964,73.9803,61.75,29,98,1.77,PK,2021-11-30 20:21:47
529,Manaus,-3.1019,-60.025,84.7,84,75,5.75,BR,2021-11-30 20:18:23
530,Diapaga,12.0708,1.7889,81.63,15,2,7.11,BF,2021-11-30 20:21:48
531,Palmer,42.1584,-72.3287,38.64,60,75,1.01,US,2021-11-30 20:21:48
532,Hami,42.8,93.45,23.77,69,0,3.15,CN,2021-11-30 20:20:16
533,Port Hardy,50.6996,-127.4199,51.76,100,90,6.91,CA,2021-11-30 20:21:48
534,Bell Ville,-32.6259,-62.6887,86.81,23,0,7.34,AR,2021-11-30 20:21:49
535,Chapayevka,47.4711,36.3451,37.13,79,100,10.71,UA,2021-11-30 20:21:49
536,Gazanjyk,39.2446,55.5154,62.69,35,56,8.41,TM,2021-11-30 20:21:49
537,Ostersund,63.1792,14.6357,9.05,92,86,0.0,SE,2021-11-30 20:18:20
538,Grand Gaube,-20.0064,57.6608,77.4,73,1,3.0,MU,2021-11-30 20:21:50
539,Irbil,36.1926,44.0106,62.92,38,100,6.55,IQ,2021-11-30 20:21:50
540,Ailigandi,9.2333,-78.0167,81.77,80,96,6.33,PA,2021-11-30 20:21:51
541,Itoman,26.1247,127.6694,64.78,59,75,31.07,JP,2021-11-30 20:21:51
542,Mali Zvornik,44.3734,19.1065,37.72,78,98,6.44,RS,2021-11-30 20:21:51
543,Shaunavon,49.6501,-108.4181,44.38,47,56,17.45,CA,2021-11-30 20:18:24
544,Dwarka,22.2394,68.9678,77.95,53,100,10.65,IN,2021-11-30 20:21:52
545,Collie,-33.3667,116.15,42.98,93,73,3.09,AU,2021-11-30 20:21:52
546,Kupang,-10.1667,123.5833,80.85,80,100,5.68,ID,2021-11-30 20:21:52
547,Soyo,-6.1349,12.3689,78.19,89,94,6.85,AO,2021-11-30 20:21:53
548,Bonfim,3.0833,-59.95,89.71,50,88,6.85,BR,2021-11-30 20:21:53
549,Wuwei,37.9281,102.6414,21.88,43,0,3.04,CN,2021-11-30 20:21:53
550,Manokwari,-0.8667,134.0833,79.0,81,100,5.79,ID,2021-11-30 20:21:54
551,Tondano,1.3038,124.9112,68.09,93,100,4.14,ID,2021-11-30 20:21:54
552,Bucerias,20.75,-105.3333,82.98,61,75,8.05,MX,2021-11-30 20:18:36
553,Batagay,67.6333,134.6333,-25.89,99,100,1.41,RU,2021-11-30 20:21:54
554,Ndele,8.4109,20.6473,80.08,40,44,4.54,CF,2021-11-30 20:22:55
555,Launceston,-41.45,147.1667,58.6,90,95,1.01,AU,2021-11-30 20:20:57
556,Nola,40.922,14.5329,51.66,81,5,2.55,IT,2021-11-30 20:22:55
557,Chiang Klang,19.2938,100.8617,62.98,79,100,1.83,TH,2021-11-30 20:22:56
558,Imeni Poliny Osipenko,52.4201,136.4853,-2.29,93,100,9.28,RU,2021-11-30 20:22:56
559,Ploemeur,47.7333,-3.4333,52.39,86,90,18.41,FR,2021-11-30 20:22:56
560,Brazzaville,-4.2658,15.2832,77.02,83,100,0.87,CG,2021-11-30 20:22:57
561,Sisimiut,66.9395,-53.6735,31.68,94,100,18.72,GL,2021-11-30 20:22:57
562,Lamesa,32.7376,-101.951,78.06,14,82,11.32,US,2021-11-30 20:22:57
563,Belmopan,17.25,-88.7667,85.28,50,49,3.27,BZ,2021-11-30 20:22:58
564,Pangody,65.85,74.4859,-18.42,100,82,3.91,RU,2021-11-30 20:22:58
565,Marolambo,-20.05,48.1167,70.45,98,99,1.61,MG,2021-11-30 20:22:58
566,Asosa,10.0667,34.5333,68.36,40,4,2.93,ET,2021-11-30 20:22:59
567,Mirabad,30.4362,61.8383,61.56,30,1,4.16,AF,2021-11-30 20:22:59
568,Champasak,14.75,106.0,65.73,76,100,2.44,LA,2021-11-30 20:22:59
569,Wade Hampton,34.9037,-82.3332,66.79,36,1,1.01,US,2021-11-30 20:23:00
570,Liepaja,56.5419,21.0367,30.18,86,75,3.44,LV,2021-11-30 20:23:00
571,Debno,52.739,14.698,39.52,93,100,20.96,PL,2021-11-30 20:23:00
572,Terracina,41.2863,13.2217,46.6,51,41,6.44,IT,2021-11-30 20:23:01
573,Plast,54.3691,60.8136,31.62,77,100,17.63,RU,2021-11-30 20:23:01
